disease,symptoms,description,precautions,severity
Common Cold,"runny nose, sneezing, sore throat, mild cough, congestion, mild headache","A mild viral infection of the nose and throat. Usually resolves on its own within 7-10 days.","rest and stay hydrated, use saline nasal spray, gargle warm salt water, avoid cold drinks",Mild
Influenza (Flu),"fever, chills, muscle aches, fatigue, dry cough, headache, sore throat","A contagious viral respiratory illness that is generally more severe than a common cold.","rest in bed, drink plenty of fluids, take fever reducers if needed, isolate from others, seek care if breathing difficulty occurs",Moderate
COVID-19,"fever, dry cough, loss of taste or smell, fatigue, shortness of breath, sore throat","A viral respiratory illness caused by the SARS-CoV-2 virus, ranging from mild to severe.","isolate from others, monitor oxygen levels, rest and hydrate, seek emergency care if breathing becomes difficult",Moderate
Migraine,"severe one-sided headache, nausea, sensitivity to light, sensitivity to sound, visual aura","A neurological condition causing intense, throbbing headaches often with other symptoms.","rest in a dark quiet room, apply cold compress, stay hydrated, avoid known triggers, consider prescribed migraine medication",Moderate
Tension Headache,"dull aching head pain, tightness across forehead, neck stiffness, scalp tenderness","The most common type of headache, often linked to stress or muscle tension.","apply warm or cold compress, gentle neck stretches, manage stress, ensure adequate sleep",Mild
Gastroenteritis,"diarrhea, abdominal cramps, nausea, vomiting, mild fever, dehydration","Inflammation of the stomach and intestines, often from viral or bacterial infection.","drink oral rehydration solution, eat bland foods (rice, banana, toast), avoid dairy and fatty foods, rest",Moderate
GERD (Acid Reflux),"heartburn, regurgitation, chest discomfort, bloating, sour taste in mouth","A digestive condition where stomach acid frequently flows back into the esophagus.","avoid spicy and fatty foods, eat smaller meals, do not lie down right after eating, elevate head while sleeping",Mild
Food Poisoning,"nausea, vomiting, watery diarrhea, abdominal pain, fever, weakness","Illness caused by consuming contaminated food or water.","stay hydrated with electrolyte solution, rest, avoid solid food until vomiting stops, seek care if symptoms persist beyond 2 days",Moderate
Urinary Tract Infection,"burning urination, frequent urge to urinate, cloudy urine, lower abdominal pain, mild fever","A bacterial infection affecting any part of the urinary system, most often the bladder.","drink plenty of water, urinate frequently, avoid irritants like caffeine, complete prescribed antibiotics if given",Moderate
Hypertension,"often no symptoms, occasional headache, dizziness, blurred vision, nosebleeds","A chronic condition of consistently elevated blood pressure that increases cardiovascular risk.","reduce salt intake, exercise regularly, manage stress, monitor blood pressure regularly, take prescribed medication consistently",Moderate
Type 2 Diabetes,"increased thirst, frequent urination, fatigue, blurred vision, slow-healing wounds","A chronic condition affecting how the body processes blood sugar.","monitor blood sugar regularly, follow a balanced low-sugar diet, exercise regularly, take medication as prescribed",Moderate
Allergic Rhinitis,"sneezing, itchy eyes, runny nose, nasal congestion, postnasal drip","An allergic reaction causing cold-like symptoms, usually triggered by pollen, dust, or pet dander.","avoid known allergens, use air purifiers, try antihistamines, keep windows closed during high pollen seasons",Mild
Asthma,"wheezing, shortness of breath, chest tightness, persistent cough","A chronic respiratory condition causing airway inflammation and breathing difficulty.","use prescribed inhaler, avoid known triggers, monitor breathing, seek emergency care for severe attacks",Moderate
Bronchitis,"persistent cough, mucus production, fatigue, mild fever, chest discomfort","Inflammation of the bronchial tubes, often following a respiratory infection.","rest and hydrate, use a humidifier, avoid smoke and irritants, see a doctor if cough lasts over 3 weeks",Mild
Pneumonia,"high fever, productive cough, difficulty breathing, chest pain, chills","An infection that inflames the air sacs in one or both lungs.","seek prompt medical attention, complete prescribed antibiotics, rest, stay hydrated, monitor oxygen levels",Severe
Sinusitis,"facial pain or pressure, nasal congestion, thick nasal discharge, reduced sense of smell, headache","Inflammation of the sinus cavities, often following a cold or allergies.","use steam inhalation, saline rinses, stay hydrated, consult a doctor if symptoms last beyond 10 days",Mild
Conjunctivitis (Pink Eye),"red eyes, itchy eyes, watery discharge, gritty feeling, crusting of eyelids","Inflammation of the membrane covering the eye, often viral, bacterial, or allergic.","avoid touching or rubbing eyes, wash hands frequently, use clean compress, avoid sharing towels",Mild
Dermatitis (Skin Rash),"itchy skin, redness, dry patches, swelling, blistering in severe cases","Inflammation of the skin caused by irritants, allergens, or underlying conditions.","avoid known irritants, moisturize regularly, use mild soap, apply prescribed topical treatment",Mild
Iron-Deficiency Anemia,"fatigue, pale skin, shortness of breath, dizziness, brittle nails, cold hands and feet","A condition where the blood lacks enough healthy red blood cells due to insufficient iron.","eat iron-rich foods, take iron supplements if prescribed, pair iron with vitamin C for absorption, monitor with blood tests",Moderate
Hypothyroidism,"fatigue, weight gain, cold intolerance, dry skin, hair thinning, depression","A condition where the thyroid gland doesn't produce enough thyroid hormone.","take prescribed thyroid medication consistently, regular thyroid function tests, maintain balanced diet",Moderate
Hyperthyroidism,"weight loss, rapid heartbeat, sweating, nervousness, tremors, heat intolerance","A condition where the thyroid gland produces excess thyroid hormone.","follow prescribed treatment plan, avoid excess iodine, manage stress, regular monitoring with doctor",Moderate
Generalized Anxiety Disorder,"excessive worry, restlessness, muscle tension, difficulty concentrating, sleep disturbance, irritability","A mental health condition involving persistent and excessive worry about various aspects of life.","practice deep breathing and grounding techniques, maintain regular sleep schedule, limit caffeine, consider therapy (CBT)",Moderate
Depression,"persistent sadness, loss of interest in activities, fatigue, sleep changes, appetite changes, difficulty concentrating","A mental health condition causing persistent feelings of sadness and loss of interest.","maintain daily routine, stay socially connected, gentle physical activity, seek professional therapy, reach out to support helplines if severe",Moderate
Insomnia,"difficulty falling asleep, frequent waking, waking too early, daytime fatigue, irritability","A sleep disorder characterized by persistent trouble falling or staying asleep.","maintain consistent sleep schedule, avoid screens before bed, limit caffeine and naps, practice relaxation techniques",Mild
Lower Back Pain,"dull or sharp ache in lower back, stiffness, muscle spasm, pain radiating to legs","A common musculoskeletal complaint often from strain, poor posture, or underlying spinal issues.","apply heat or ice, gentle stretching, maintain good posture, avoid heavy lifting, consult doctor if pain radiates down legs",Mild
Osteoarthritis,"joint pain, stiffness especially in morning, swelling, reduced range of motion, grating sensation","A degenerative joint condition caused by the breakdown of cartilage over time.","stay active with low-impact exercise, maintain healthy weight, use supportive footwear, consider physical therapy",Moderate
Dengue Fever,"high fever, severe headache, pain behind eyes, joint and muscle pain, rash, easy bruising","A mosquito-borne viral infection common in tropical regions, can range from mild to severe.","rest and hydrate well, monitor for warning signs (bleeding, severe abdominal pain), avoid aspirin/ibuprofen, seek medical care promptly",Severe
Typhoid Fever,"prolonged high fever, weakness, stomach pain, headache, loss of appetite, rash","A bacterial infection spread through contaminated food or water.","seek medical treatment promptly, complete full antibiotic course, stay hydrated, eat easily digestible food, rest",Severe
Chickenpox,"itchy rash with blisters, fever, fatigue, loss of appetite, headache","A highly contagious viral infection causing an itchy, blister-like rash.","avoid scratching, keep nails trimmed, use calamine lotion, isolate to prevent spreading, stay hydrated",Moderate
Malaria,"cyclical fever with chills, sweating, headache, muscle pain, fatigue, nausea","A mosquito-borne parasitic disease that can become severe without prompt treatment.","seek immediate medical testing and treatment, complete full antimalarial course, use mosquito protection, rest and hydrate",Severe
